{
    "pop_size": 52,
    "max_iter": 369,
    "pa": 0.22172863995424405,
    "beta": 1.6295024509184284,
    "over_hours_weight": 107
}